,split,file,W,H,class,bx_w,bx_h,bx_area
0,train,0001_projector.jpg,3024,4032,projector,0.6419940476190477,0.37687499999999996,0.24195150669642856
1,train,0003_projector.jpg,3024,4032,projector,0.19047619047619047,0.08560515873015874,0.016305744520030235
2,train,0003_projector.jpg,3024,4032,projector,0.10582010582010581,0.04796875,0.0050760582010582
3,train,0004_projector.jpg,3024,4032,projector,0.7738095238095238,0.3584424603174603,0.2773661895313681
4,train,0005_projector.jpg,3024,4032,projector,0.5866402116402116,0.38027777777777777,0.22308623603762492
